[
   {
      "model":"dependencias.dependencia",
      "pk":1,
      "fields":{
         "descripcion":"Origen",
         "activo":true
      }
   },
   {
      "model":"dependencias.dependencia",
      "pk":2,
      "fields":{
         "descripcion":"Gabinete Rector",
         "activo":true
      }
   },
   {
      "model":"dependencias.dependencia",
      "pk":3,
      "fields":{
         "descripcion":"Direccion Gral de Administracion y Finanzas",
         "activo":true
      }
   },
   {
      "model":"dependencias.dependencia",
      "pk":4,
      "fields":{
         "descripcion":"Direccion Administrativa",
         "activo":true
      }
   },
   {
      "model":"dependencias.dependencia",
      "pk":5,
      "fields":{
         "descripcion":"Direccion Financiera",
         "activo":true
      }
   },
   {
      "model":"dependencias.dependencia",
      "pk":6,
      "fields":{
         "descripcion":"Departamento de Auditoria",
         "activo":true
      }
   },
   {
      "model":"dependencias.dependencia",
      "pk":7,
      "fields":{
         "descripcion":"Departamento de Patrimonio",
         "activo":true
      }
   },
   {
      "model":"dependencias.dependencia",
      "pk":8,
      "fields":{
         "descripcion":"Control y Procedimientos",
         "activo":true
      }
   },
   {
      "model":"dependencias.dependencia",
      "pk":9,
      "fields":{
         "descripcion":"Mesa Entrada",
         "activo":true
      }
   },
   {
      "model":"dependencias.dependencia",
      "pk":10,
      "fields":{
         "descripcion":"Secretaria General",
         "activo":true
      }
   },
   {
      "model":"dependencias.dependencia",
      "pk":11,
      "fields":{
         "descripcion":"Departamento de Presupuesto",
         "activo":true
      }
   },
   {
      "model":"dependencias.dependencia",
      "pk":12,
      "fields":{
         "descripcion":"Departamento de Contabilidad",
         "activo":true
      }
   },
   {
      "model":"dependencias.dependencia",
      "pk":13,
      "fields":{
         "descripcion":"Departamento de Tesoreria",
         "activo":true
      }
   },
   {
      "model":"dependencias.dependencia",
      "pk":14,
      "fields":{
         "descripcion":"Departamento de RRHH",
         "activo":true
      }
   },
   {
      "model":"dependencias.dependencia",
      "pk":15,
      "fields":{
         "descripcion":"FAC Ciencias y Tecnologia",
         "activo":true
      }
   },
   {
      "model":"dependencias.dependencia",
      "pk":16,
      "fields":{
         "descripcion":"FAC Economicas y Administrativas",
         "activo":true
      }
   },
   {
      "model":"dependencias.dependencia",
      "pk":17,
      "fields":{
         "descripcion":"FAC Ingenieria",
         "activo":true
      }
   },
   {
      "model":"dependencias.dependencia",
      "pk":18,
      "fields":{
         "descripcion":"FAC Agropecuarias  y Forestales",
         "activo":true
      }
   },
   {
      "model":"dependencias.dependencia",
      "pk":19,
      "fields":{
         "descripcion":"Externo",
         "activo":true
      }
   },
   {
      "model":"dependencias.dependencia",
      "pk":20,
      "fields":{
         "descripcion":"Departamento de Informatica",
         "activo":true
      }
   },
   {
      "model":"dependencias.dependencia",
      "pk":21,
      "fields":{
         "descripcion":"Unidad Operativa de Contrataciones",
         "activo":true
      }
   },
   {
      "model":"dependencias.dependencia",
      "pk":22,
      "fields":{
         "descripcion":"Departamento Jur\u00eddico",
         "activo":true
      }
   },
   {
      "model":"dependencias.dependencia",
      "pk":23,
      "fields":{
         "descripcion":"Comit\u00e9 de Evaluaci\u00f3n",
         "activo":true
      }
   },
   {
      "model":"dependencias.dependencia",
      "pk":24,
      "fields":{
         "descripcion":"FAC Derecho",
         "activo":true
      }
   },
   {
      "model":"dependencias.dependencia",
      "pk":25,
      "fields":{
         "descripcion":"FAC de Humanidades",
         "activo":true
      }
   },
   {
      "model":"dependencias.dependencia",
      "pk":26,
      "fields":{
         "descripcion":"FAC de Medicina",
         "activo":true
      }
   },
   {
      "model":"dependencias.dependencia",
      "pk":27,
      "fields":{
         "descripcion":"Direccion de Planificacion",
         "activo":true
      }
   },
   {
      "model":"dependencias.dependencia",
      "pk":28,
      "fields":{
         "descripcion":"Relaciones Internacionales",
         "activo":true
      }
   },
   {
      "model":"dependencias.dependencia",
      "pk":29,
      "fields":{
         "descripcion":"Asesoria Juridica",
         "activo":true
      }
   },
   {
      "model":"dependencias.dependencia",
      "pk":30,
      "fields":{
         "descripcion":"Departamento de Comunicaciones",
         "activo":true
      }
   },
   {
      "model":"dependencias.dependencia",
      "pk":31,
      "fields":{
         "descripcion":"Bienestar Universitario",
         "activo":true
      }
   },
   {
      "model":"dependencias.dependencia",
      "pk":32,
      "fields":{
         "descripcion":"Direccion Gral Academica",
         "activo":true
      }
   },
   {
      "model":"dependencias.dependencia",
      "pk":33,
      "fields":{
         "descripcion":"Biblioteca",
         "activo":true
      }
   },
   {
      "model":"dependencias.dependencia",
      "pk":34,
      "fields":{
         "descripcion":"Vice Rectorado",
         "activo":true
      }
   },
   {
      "model":"dependencias.dependencia",
      "pk":35,
      "fields":{
         "descripcion":"Servicios Generales",
         "activo":true
      }
   },
   {
      "model":"dependencias.dependencia",
      "pk":36,
      "fields":{
         "descripcion":"Posgrado",
         "activo":true
      }
   },
   {
      "model":"dependencias.dependencia",
      "pk":37,
      "fields":{
         "descripcion":"Direcci\u00f3n de Investigaci\u00f3n y Extensi\u00f3n",
         "activo":true
      }
   },
   {
      "model":"dependencias.dependencia",
      "pk":38,
      "fields":{
         "descripcion":"Direcci\u00f3n Academica",
         "activo":true
      }
   },
   {
      "model":"dependencias.dependencia",
      "pk":39,
      "fields":{
         "descripcion":"FACEA Administracion",
         "activo":false
      }
   },
   {
      "model":"dependencias.dependencia",
      "pk":40,
      "fields":{
         "descripcion":"Incuni",
         "activo":true
      }
   },
   {
      "model":"dependencias.dependencia",
      "pk":41,
      "fields":{
         "descripcion":"Protocolo y Eventos",
         "activo":true
      }
   },
   {
      "model":"dependencias.dependencia",
      "pk":42,
      "fields":{
         "descripcion":"MECIP REC ",
         "activo":true
      }
   },
   {
      "model":"dependencias.dependencia",
      "pk":43,
      "fields":{
         "descripcion":"Cooperaci\u00f3n Estudiantil",
         "activo":false
      }
   },
   {
      "model":"dependencias.dependencia",
      "pk":44,
      "fields":{
         "descripcion":"Departamento de Mantenimiento",
         "activo":true
      }
   },
   {
      "model":"dependencias.dependencia",
      "pk":45,
      "fields":{
         "descripcion":"Evaluaci\u00f3n Acad\u00e9mica-Estadistica",
         "activo":true
      }
   },
   {
      "model":"dependencias.dependencia",
      "pk":46,
      "fields":{
         "descripcion":"Asuntos Legales U Acad",
         "activo":true
      }
   },
   {
      "model":"dependencias.dependencia",
      "pk":47,
      "fields":{
         "descripcion":"Departamento de Documentaci\u00f3n Institucional",
         "activo":true
      }
   },
   {
      "model":"dependencias.dependencia",
      "pk":48,
      "fields":{
         "descripcion":"Direcci\u00f3n de Investigaci\u00f3n y Ambiente",
         "activo":true
      }
   },
   {
      "model":"dependencias.dependencia",
      "pk":49,
      "fields":{
         "descripcion":"Direcci\u00f3n de Aseguramiento de la Calidad",
         "activo":true
      }
   },
   {
      "model":"dependencias.dependencia",
      "pk":50,
      "fields":{
         "descripcion":"Direcci\u00f3n de Cooperaci\u00f3n",
         "activo":true
      }
   },
   {
      "model":"dependencias.dependencia",
      "pk":51,
      "fields":{
         "descripcion":"Departamento de Extensi\u00f3n Universitaria",
         "activo":true
      }
   },
   {
      "model":"dependencias.dependencia",
      "pk":52,
      "fields":{
         "descripcion":"Departamento de Difusi\u00f3n Cultural",
         "activo":true
      }
   },
   {
      "model":"expedientes.estado",
      "pk":1,
      "fields":{
         "descripcion":"No Recibido",
         "activo":true
      }
   },
   {
      "model":"expedientes.estado",
      "pk":2,
      "fields":{
         "descripcion":"Recibido",
         "activo":true
      }
   },
   {
      "model":"expedientes.estado",
      "pk":3,
      "fields":{
         "descripcion":"Derivado",
         "activo":true
      }
   },
   {
      "model":"expedientes.estado",
      "pk":4,
      "fields":{
         "descripcion":"Rechazado",
         "activo":true
      }
   },
   {
      "model":"expedientes.estado",
      "pk":5,
      "fields":{
         "descripcion":"Finalizado",
         "activo":true
      }
   },
   {
      "model":"expedientes.estado",
      "pk":6,
      "fields":{
         "descripcion":"Anulado",
         "activo":true
      }
   },
   {
      "model":"expedientes.estado",
      "pk":7,
      "fields":{
         "descripcion":"Pausado",
         "activo":true
      }
   },
   {
      "model":"expedientes.estado",
      "pk":8,
      "fields":{
         "descripcion":"Reanudado",
         "activo":true
      }
   },
   {
      "model":"expedientes.prioridad",
      "pk":1,
      "fields":{
         "descripcion":"Baja",
         "activo":false
      }
   },
   {
      "model":"expedientes.prioridad",
      "pk":2,
      "fields":{
         "descripcion":"Alta",
         "activo":false
      }
   },
   {
      "model":"tipos_de_expedientes.tipo_de_expediente",
      "pk":1,
      "fields":{
         "descripcion":"Sin Ruta Predefinida",
         "activo":true
      }
   },
   {
      "model":"tipos_de_expedientes.tipo_de_expediente",
      "pk":2,
      "fields":{
         "descripcion":"Pago de remuneraciones",
         "activo":true
      }
   },
   {
      "model":"tipos_de_expedientes.tipo_de_expediente",
      "pk":3,
      "fields":{
         "descripcion":"Pago de Inversiones y Bienes (por Patrimonio)",
         "activo":true
      }
   },
   {
      "model":"tipos_de_expedientes.tipo_de_expediente",
      "pk":4,
      "fields":{
         "descripcion":"Pago de viaticos  y movilidad facultades",
         "activo":true
      }
   },
   {
      "model":"tipos_de_expedientes.tipo_de_expediente",
      "pk":5,
      "fields":{
         "descripcion":"Solicitud de concurso para selecci\u00f3n de personal (Form 001 A)",
         "activo":true
      }
   },
   {
      "model":"tipos_de_expedientes.tipo_de_expediente",
      "pk":6,
      "fields":{
         "descripcion":"Nombramientos - remuneraciones (Form 001 B)",
         "activo":true
      }
   },
   {
      "model":"tipos_de_expedientes.tipo_de_expediente",
      "pk":7,
      "fields":{
         "descripcion":"Contratos - remuneraciones (Form 001 B)",
         "activo":true
      }
   },
   {
      "model":"tipos_de_expedientes.tipo_de_expediente",
      "pk":8,
      "fields":{
         "descripcion":"Pago de viaticos y movilidad rectorado",
         "activo":true
      }
   },
   {
      "model":"tipos_de_expedientes.tipo_de_expediente",
      "pk":9,
      "fields":{
         "descripcion":"Pago de viaticos y movilidad al exterior",
         "activo":true
      }
   },
   {
      "model":"tipos_de_expedientes.tipo_de_expediente",
      "pk":10,
      "fields":{
         "descripcion":"Informe de viaticos al exterior",
         "activo":true
      }
   },
   {
      "model":"tipos_de_expedientes.tipo_de_expediente",
      "pk":11,
      "fields":{
         "descripcion":"Provisi\u00f3n de Fondo Fijo",
         "activo":true
      }
   },
   {
      "model":"tipos_de_expedientes.tipo_de_expediente",
      "pk":12,
      "fields":{
         "descripcion":"Reposici\u00f3n de Fondo Fijo",
         "activo":true
      }
   },
   {
      "model":"tipos_de_expedientes.tipo_de_expediente",
      "pk":13,
      "fields":{
         "descripcion":"Pago de bienes y servicios",
         "activo":true
      }
   },
   {
      "model":"tipos_de_expedientes.tipo_de_expediente",
      "pk":14,
      "fields":{
         "descripcion":"Pago de Gastos Bancarios",
         "activo":true
      }
   },
   {
      "model":"tipos_de_expedientes.tipo_de_expediente",
      "pk":15,
      "fields":{
         "descripcion":"Rendici\u00f3n de cuentas de viaticos",
         "activo":true
      }
   },
   {
      "model":"tipos_de_expedientes.tipo_de_expediente",
      "pk":16,
      "fields":{
         "descripcion":"Devoluci\u00f3n de Retenci\u00f3n Causional",
         "activo":true
      }
   },
   {
      "model":"tipos_de_expedientes.tipo_de_expediente",
      "pk":17,
      "fields":{
         "descripcion":"Pago de Obligaciones realizadas",
         "activo":true
      }
   },
   {
      "model":"tipos_de_expedientes.tipo_de_expediente",
      "pk":18,
      "fields":{
         "descripcion":"Modificaci\u00f3n de Presupuesto (Plan Financiero)",
         "activo":true
      }
   },
   {
      "model":"tipos_de_expedientes.tipo_de_expediente",
      "pk":19,
      "fields":{
         "descripcion":"Acuerdo entre Entidades",
         "activo":true
      }
   },
   {
      "model":"tipos_de_expedientes.tipo_de_expediente",
      "pk":20,
      "fields":{
         "descripcion":"Contrataci\u00f3n Directa",
         "activo":true
      }
   },
   {
      "model":"tipos_de_expedientes.tipo_de_expediente",
      "pk":21,
      "fields":{
         "descripcion":"Concurso de Oferta y Licitaci\u00f3n Publica",
         "activo":true
      }
   },
   {
      "model":"tipos_de_expedientes.tipo_de_expediente",
      "pk":22,
      "fields":{
         "descripcion":"Concurso de Oferta y Licitaci\u00f3n Publica (Obras y Mantenimientos de Edificios)",
         "activo":true
      }
   },
   {
      "model":"tipos_de_expedientes.tipo_de_expediente",
      "pk":23,
      "fields":{
         "descripcion":"Contrataci\u00f3n V\u00eda Excepci\u00f3n",
         "activo":true
      }
   },
   {
      "model":"tipos_de_expedientes.tipo_de_expediente",
      "pk":24,
      "fields":{
         "descripcion":"Ampliaci\u00f3n de Contrato (Bienes y-o Servicios)",
         "activo":true
      }
   },
   {
      "model":"tipos_de_expedientes.tipo_de_expediente",
      "pk":25,
      "fields":{
         "descripcion":"Pago de viaticos y movilidad al exterior facultades",
         "activo":true
      }
   },
   {
      "model":"tipos_de_expedientes.tipo_de_expediente",
      "pk":26,
      "fields":{
         "descripcion":"Contrataci\u00f3n Directa (Ad Ref)",
         "activo":true
      }
   },
   {
      "model":"tipos_de_expedientes.tipo_de_expediente",
      "pk":27,
      "fields":{
         "descripcion":"Concurso de Oferta y Licitaci\u00f3n Publica (Ad Ref)",
         "activo":true
      }
   },
   {
      "model":"tipos_de_expedientes.tipo_de_expediente",
      "pk":28,
      "fields":{
         "descripcion":"Contrataci\u00f3n V\u00eda Excepci\u00f3n (Ad Ref)",
         "activo":true
      }
   },
   {
      "model":"tipos_de_expedientes.tipo_de_expediente",
      "pk":29,
      "fields":{
         "descripcion":"Rendici\u00f3n de Becas de Apoyo Econ\u00f3mico - BAE",
         "activo":true
      }
   },
   {
      "model":"tipos_de_expedientes.tipo_de_expediente",
      "pk":30,
      "fields":{
         "descripcion":"Rendici\u00f3n de Becas de Movilidad",
         "activo":true
      }
   },
   {
      "model":"tipos_de_expedientes.tipo_de_expediente",
      "pk":31,
      "fields":{
         "descripcion":"Informes Finales de Misi\u00f3n (Sub Grupo 230)",
         "activo":true
      }
   },
   {
      "model":"tipos_de_expedientes.tipo_de_expediente",
      "pk":32,
      "fields":{
         "descripcion":"Rendici\u00f3n de Becas de Capacitaci\u00f3n",
         "activo":true
      }
   },
   {
      "model":"tipos_de_expedientes.tipo_de_expediente",
      "pk":33,
      "fields":{
         "descripcion":"Ampliacion de Plazos y o Montos de contratos de Construcciones",
         "activo":true
      }
   },
   {
      "model":"tipos_de_expedientes.tipo_de_expediente",
      "pk":34,
      "fields":{
         "descripcion":"Rendici\u00f3n de Becas de Apoyo Econ\u00f3mico - BAE (2018)",
         "activo":true
      }
   },
   {
      "model":"tipos_de_expedientes.tipo_de_expediente",
      "pk":35,
      "fields":{
         "descripcion":"Contratos Servicios Personales (Form 002-B)",
         "activo":false
      }
   },
   {
      "model":"tipos_de_expedientes.tipo_de_expediente",
      "pk":36,
      "fields":{
         "descripcion":"Solicitud de Contratos Servicios Personales Ob 144 Jornales",
         "activo":true
      }
   },
   {
      "model":"tipos_de_expedientes.tipo_de_expediente_detalle",
      "pk":1,
      "fields":{
         "tipo_de_expediente_id":3,
         "dependencia_id":8,
         "orden":1
      }
   },
   {
      "model":"tipos_de_expedientes.tipo_de_expediente_detalle",
      "pk":2,
      "fields":{
         "tipo_de_expediente_id":3,
         "dependencia_id":9,
         "orden":2
      }
   },
   {
      "model":"tipos_de_expedientes.tipo_de_expediente_detalle",
      "pk":3,
      "fields":{
         "tipo_de_expediente_id":3,
         "dependencia_id":6,
         "orden":3
      }
   },
   {
      "model":"tipos_de_expedientes.tipo_de_expediente_detalle",
      "pk":4,
      "fields":{
         "tipo_de_expediente_id":3,
         "dependencia_id":3,
         "orden":4
      }
   },
   {
      "model":"tipos_de_expedientes.tipo_de_expediente_detalle",
      "pk":5,
      "fields":{
         "tipo_de_expediente_id":3,
         "dependencia_id":5,
         "orden":5
      }
   },
   {
      "model":"tipos_de_expedientes.tipo_de_expediente_detalle",
      "pk":6,
      "fields":{
         "tipo_de_expediente_id":3,
         "dependencia_id":11,
         "orden":6
      }
   },
   {
      "model":"tipos_de_expedientes.tipo_de_expediente_detalle",
      "pk":7,
      "fields":{
         "tipo_de_expediente_id":3,
         "dependencia_id":12,
         "orden":7
      }
   },
   {
      "model":"tipos_de_expedientes.tipo_de_expediente_detalle",
      "pk":8,
      "fields":{
         "tipo_de_expediente_id":3,
         "dependencia_id":7,
         "orden":8
      }
   },
   {
      "model":"tipos_de_expedientes.tipo_de_expediente_detalle",
      "pk":9,
      "fields":{
         "tipo_de_expediente_id":3,
         "dependencia_id":13,
         "orden":9
      }
   },
   {
      "model":"tipos_de_expedientes.tipo_de_expediente_detalle",
      "pk":10,
      "fields":{
         "tipo_de_expediente_id":3,
         "dependencia_id":12,
         "orden":10
      }
   },
   {
      "model":"tipos_de_expedientes.tipo_de_expediente_detalle",
      "pk":11,
      "fields":{
         "tipo_de_expediente_id":2,
         "dependencia_id":14,
         "orden":1
      }
   },
   {
      "model":"tipos_de_expedientes.tipo_de_expediente_detalle",
      "pk":12,
      "fields":{
         "tipo_de_expediente_id":2,
         "dependencia_id":8,
         "orden":2
      }
   },
   {
      "model":"tipos_de_expedientes.tipo_de_expediente_detalle",
      "pk":13,
      "fields":{
         "tipo_de_expediente_id":2,
         "dependencia_id":9,
         "orden":3
      }
   },
   {
      "model":"tipos_de_expedientes.tipo_de_expediente_detalle",
      "pk":14,
      "fields":{
         "tipo_de_expediente_id":2,
         "dependencia_id":6,
         "orden":4
      }
   },
   {
      "model":"tipos_de_expedientes.tipo_de_expediente_detalle",
      "pk":15,
      "fields":{
         "tipo_de_expediente_id":2,
         "dependencia_id":3,
         "orden":5
      }
   },
   {
      "model":"tipos_de_expedientes.tipo_de_expediente_detalle",
      "pk":16,
      "fields":{
         "tipo_de_expediente_id":2,
         "dependencia_id":5,
         "orden":6
      }
   },
   {
      "model":"tipos_de_expedientes.tipo_de_expediente_detalle",
      "pk":17,
      "fields":{
         "tipo_de_expediente_id":2,
         "dependencia_id":11,
         "orden":7
      }
   },
   {
      "model":"tipos_de_expedientes.tipo_de_expediente_detalle",
      "pk":18,
      "fields":{
         "tipo_de_expediente_id":2,
         "dependencia_id":12,
         "orden":8
      }
   },
   {
      "model":"tipos_de_expedientes.tipo_de_expediente_detalle",
      "pk":19,
      "fields":{
         "tipo_de_expediente_id":2,
         "dependencia_id":13,
         "orden":9
      }
   },
   {
      "model":"tipos_de_expedientes.tipo_de_expediente_detalle",
      "pk":20,
      "fields":{
         "tipo_de_expediente_id":2,
         "dependencia_id":12,
         "orden":10
      }
   },
   {
      "model":"tipos_de_expedientes.tipo_de_expediente_detalle",
      "pk":21,
      "fields":{
         "tipo_de_expediente_id":4,
         "dependencia_id":8,
         "orden":1
      }
   },
   {
      "model":"tipos_de_expedientes.tipo_de_expediente_detalle",
      "pk":22,
      "fields":{
         "tipo_de_expediente_id":4,
         "dependencia_id":9,
         "orden":2
      }
   },
   {
      "model":"tipos_de_expedientes.tipo_de_expediente_detalle",
      "pk":23,
      "fields":{
         "tipo_de_expediente_id":4,
         "dependencia_id":3,
         "orden":3
      }
   },
   {
      "model":"tipos_de_expedientes.tipo_de_expediente_detalle",
      "pk":24,
      "fields":{
         "tipo_de_expediente_id":4,
         "dependencia_id":5,
         "orden":4
      }
   },
   {
      "model":"tipos_de_expedientes.tipo_de_expediente_detalle",
      "pk":25,
      "fields":{
         "tipo_de_expediente_id":4,
         "dependencia_id":11,
         "orden":5
      }
   },
   {
      "model":"tipos_de_expedientes.tipo_de_expediente_detalle",
      "pk":26,
      "fields":{
         "tipo_de_expediente_id":4,
         "dependencia_id":12,
         "orden":6
      }
   },
   {
      "model":"tipos_de_expedientes.tipo_de_expediente_detalle",
      "pk":27,
      "fields":{
         "tipo_de_expediente_id":4,
         "dependencia_id":13,
         "orden":7
      }
   },
   {
      "model":"tipos_de_expedientes.tipo_de_expediente_detalle",
      "pk":28,
      "fields":{
         "tipo_de_expediente_id":4,
         "dependencia_id":12,
         "orden":8
      }
   },
   {
      "model":"tipos_de_expedientes.tipo_de_expediente_detalle",
      "pk":29,
      "fields":{
         "tipo_de_expediente_id":5,
         "dependencia_id":9,
         "orden":1
      }
   },
   {
      "model":"tipos_de_expedientes.tipo_de_expediente_detalle",
      "pk":30,
      "fields":{
         "tipo_de_expediente_id":5,
         "dependencia_id":2,
         "orden":2
      }
   },
   {
      "model":"tipos_de_expedientes.tipo_de_expediente_detalle",
      "pk":31,
      "fields":{
         "tipo_de_expediente_id":5,
         "dependencia_id":14,
         "orden":3
      }
   },
   {
      "model":"tipos_de_expedientes.tipo_de_expediente_detalle",
      "pk":32,
      "fields":{
         "tipo_de_expediente_id":5,
         "dependencia_id":2,
         "orden":4
      }
   },
   {
      "model":"tipos_de_expedientes.tipo_de_expediente_detalle",
      "pk":33,
      "fields":{
         "tipo_de_expediente_id":5,
         "dependencia_id":14,
         "orden":5
      }
   },
   {
      "model":"tipos_de_expedientes.tipo_de_expediente_detalle",
      "pk":34,
      "fields":{
         "tipo_de_expediente_id":5,
         "dependencia_id":2,
         "orden":6
      }
   },
   {
      "model":"tipos_de_expedientes.tipo_de_expediente_detalle",
      "pk":35,
      "fields":{
         "tipo_de_expediente_id":6,
         "dependencia_id":14,
         "orden":1
      }
   },
   {
      "model":"tipos_de_expedientes.tipo_de_expediente_detalle",
      "pk":36,
      "fields":{
         "tipo_de_expediente_id":6,
         "dependencia_id":9,
         "orden":2
      }
   },
   {
      "model":"tipos_de_expedientes.tipo_de_expediente_detalle",
      "pk":37,
      "fields":{
         "tipo_de_expediente_id":6,
         "dependencia_id":11,
         "orden":4
      }
   },
   {
      "model":"tipos_de_expedientes.tipo_de_expediente_detalle",
      "pk":38,
      "fields":{
         "tipo_de_expediente_id":6,
         "dependencia_id":6,
         "orden":5
      }
   },
   {
      "model":"tipos_de_expedientes.tipo_de_expediente_detalle",
      "pk":39,
      "fields":{
         "tipo_de_expediente_id":6,
         "dependencia_id":14,
         "orden":6
      }
   },
   {
      "model":"tipos_de_expedientes.tipo_de_expediente_detalle",
      "pk":40,
      "fields":{
         "tipo_de_expediente_id":6,
         "dependencia_id":10,
         "orden":7
      }
   },
   {
      "model":"tipos_de_expedientes.tipo_de_expediente_detalle",
      "pk":41,
      "fields":{
         "tipo_de_expediente_id":6,
         "dependencia_id":14,
         "orden":8
      }
   },
   {
      "model":"tipos_de_expedientes.tipo_de_expediente_detalle",
      "pk":42,
      "fields":{
         "tipo_de_expediente_id":6,
         "dependencia_id":1,
         "orden":9
      }
   },
   {
      "model":"tipos_de_expedientes.tipo_de_expediente_detalle",
      "pk":43,
      "fields":{
         "tipo_de_expediente_id":7,
         "dependencia_id":14,
         "orden":1
      }
   },
   {
      "model":"tipos_de_expedientes.tipo_de_expediente_detalle",
      "pk":44,
      "fields":{
         "tipo_de_expediente_id":7,
         "dependencia_id":9,
         "orden":2
      }
   },
   {
      "model":"tipos_de_expedientes.tipo_de_expediente_detalle",
      "pk":45,
      "fields":{
         "tipo_de_expediente_id":7,
         "dependencia_id":11,
         "orden":4
      }
   },
   {
      "model":"tipos_de_expedientes.tipo_de_expediente_detalle",
      "pk":46,
      "fields":{
         "tipo_de_expediente_id":7,
         "dependencia_id":6,
         "orden":5
      }
   },
   {
      "model":"tipos_de_expedientes.tipo_de_expediente_detalle",
      "pk":47,
      "fields":{
         "tipo_de_expediente_id":7,
         "dependencia_id":14,
         "orden":6
      }
   },
   {
      "model":"tipos_de_expedientes.tipo_de_expediente_detalle",
      "pk":48,
      "fields":{
         "tipo_de_expediente_id":7,
         "dependencia_id":22,
         "orden":7
      }
   },
   {
      "model":"tipos_de_expedientes.tipo_de_expediente_detalle",
      "pk":49,
      "fields":{
         "tipo_de_expediente_id":7,
         "dependencia_id":14,
         "orden":8
      }
   },
   {
      "model":"tipos_de_expedientes.tipo_de_expediente_detalle",
      "pk":50,
      "fields":{
         "tipo_de_expediente_id":7,
         "dependencia_id":1,
         "orden":9
      }
   },
   {
      "model":"tipos_de_expedientes.tipo_de_expediente_detalle",
      "pk":51,
      "fields":{
         "tipo_de_expediente_id":8,
         "dependencia_id":8,
         "orden":3
      }
   },
   {
      "model":"tipos_de_expedientes.tipo_de_expediente_detalle",
      "pk":52,
      "fields":{
         "tipo_de_expediente_id":8,
         "dependencia_id":9,
         "orden":1
      }
   },
   {
      "model":"tipos_de_expedientes.tipo_de_expediente_detalle",
      "pk":53,
      "fields":{
         "tipo_de_expediente_id":8,
         "dependencia_id":10,
         "orden":2
      }
   },
   {
      "model":"tipos_de_expedientes.tipo_de_expediente_detalle",
      "pk":54,
      "fields":{
         "tipo_de_expediente_id":8,
         "dependencia_id":3,
         "orden":4
      }
   },
   {
      "model":"tipos_de_expedientes.tipo_de_expediente_detalle",
      "pk":55,
      "fields":{
         "tipo_de_expediente_id":8,
         "dependencia_id":5,
         "orden":5
      }
   },
   {
      "model":"tipos_de_expedientes.tipo_de_expediente_detalle",
      "pk":56,
      "fields":{
         "tipo_de_expediente_id":8,
         "dependencia_id":11,
         "orden":6
      }
   },
   {
      "model":"tipos_de_expedientes.tipo_de_expediente_detalle",
      "pk":57,
      "fields":{
         "tipo_de_expediente_id":8,
         "dependencia_id":12,
         "orden":7
      }
   },
   {
      "model":"tipos_de_expedientes.tipo_de_expediente_detalle",
      "pk":58,
      "fields":{
         "tipo_de_expediente_id":8,
         "dependencia_id":13,
         "orden":8
      }
   },
   {
      "model":"tipos_de_expedientes.tipo_de_expediente_detalle",
      "pk":59,
      "fields":{
         "tipo_de_expediente_id":8,
         "dependencia_id":12,
         "orden":9
      }
   },
   {
      "model":"tipos_de_expedientes.tipo_de_expediente_detalle",
      "pk":60,
      "fields":{
         "tipo_de_expediente_id":9,
         "dependencia_id":8,
         "orden":1
      }
   },
   {
      "model":"tipos_de_expedientes.tipo_de_expediente_detalle",
      "pk":61,
      "fields":{
         "tipo_de_expediente_id":9,
         "dependencia_id":9,
         "orden":2
      }
   },
   {
      "model":"tipos_de_expedientes.tipo_de_expediente_detalle",
      "pk":62,
      "fields":{
         "tipo_de_expediente_id":9,
         "dependencia_id":10,
         "orden":3
      }
   },
   {
      "model":"tipos_de_expedientes.tipo_de_expediente_detalle",
      "pk":63,
      "fields":{
         "tipo_de_expediente_id":9,
         "dependencia_id":6,
         "orden":4
      }
   },
   {
      "model":"tipos_de_expedientes.tipo_de_expediente_detalle",
      "pk":64,
      "fields":{
         "tipo_de_expediente_id":9,
         "dependencia_id":3,
         "orden":5
      }
   },
   {
      "model":"tipos_de_expedientes.tipo_de_expediente_detalle",
      "pk":65,
      "fields":{
         "tipo_de_expediente_id":9,
         "dependencia_id":5,
         "orden":6
      }
   },
   {
      "model":"tipos_de_expedientes.tipo_de_expediente_detalle",
      "pk":66,
      "fields":{
         "tipo_de_expediente_id":9,
         "dependencia_id":11,
         "orden":7
      }
   },
   {
      "model":"tipos_de_expedientes.tipo_de_expediente_detalle",
      "pk":67,
      "fields":{
         "tipo_de_expediente_id":9,
         "dependencia_id":12,
         "orden":8
      }
   },
   {
      "model":"tipos_de_expedientes.tipo_de_expediente_detalle",
      "pk":68,
      "fields":{
         "tipo_de_expediente_id":9,
         "dependencia_id":13,
         "orden":9
      }
   },
   {
      "model":"tipos_de_expedientes.tipo_de_expediente_detalle",
      "pk":69,
      "fields":{
         "tipo_de_expediente_id":9,
         "dependencia_id":12,
         "orden":10
      }
   },
   {
      "model":"tipos_de_expedientes.tipo_de_expediente_detalle",
      "pk":70,
      "fields":{
         "tipo_de_expediente_id":10,
         "dependencia_id":8,
         "orden":1
      }
   },
   {
      "model":"tipos_de_expedientes.tipo_de_expediente_detalle",
      "pk":71,
      "fields":{
         "tipo_de_expediente_id":10,
         "dependencia_id":9,
         "orden":2
      }
   },
   {
      "model":"tipos_de_expedientes.tipo_de_expediente_detalle",
      "pk":72,
      "fields":{
         "tipo_de_expediente_id":10,
         "dependencia_id":6,
         "orden":3
      }
   },
   {
      "model":"tipos_de_expedientes.tipo_de_expediente_detalle",
      "pk":73,
      "fields":{
         "tipo_de_expediente_id":10,
         "dependencia_id":3,
         "orden":4
      }
   },
   {
      "model":"tipos_de_expedientes.tipo_de_expediente_detalle",
      "pk":74,
      "fields":{
         "tipo_de_expediente_id":10,
         "dependencia_id":5,
         "orden":5
      }
   },
   {
      "model":"tipos_de_expedientes.tipo_de_expediente_detalle",
      "pk":75,
      "fields":{
         "tipo_de_expediente_id":10,
         "dependencia_id":12,
         "orden":6
      }
   },
   {
      "model":"tipos_de_expedientes.tipo_de_expediente_detalle",
      "pk":76,
      "fields":{
         "tipo_de_expediente_id":5,
         "dependencia_id":1,
         "orden":7
      }
   },
   {
      "model":"tipos_de_expedientes.tipo_de_expediente_detalle",
      "pk":77,
      "fields":{
         "tipo_de_expediente_id":11,
         "dependencia_id":8,
         "orden":1
      }
   },
   {
      "model":"tipos_de_expedientes.tipo_de_expediente_detalle",
      "pk":78,
      "fields":{
         "tipo_de_expediente_id":11,
         "dependencia_id":9,
         "orden":2
      }
   },
   {
      "model":"tipos_de_expedientes.tipo_de_expediente_detalle",
      "pk":79,
      "fields":{
         "tipo_de_expediente_id":11,
         "dependencia_id":6,
         "orden":3
      }
   },
   {
      "model":"tipos_de_expedientes.tipo_de_expediente_detalle",
      "pk":80,
      "fields":{
         "tipo_de_expediente_id":11,
         "dependencia_id":3,
         "orden":4
      }
   },
   {
      "model":"tipos_de_expedientes.tipo_de_expediente_detalle",
      "pk":81,
      "fields":{
         "tipo_de_expediente_id":11,
         "dependencia_id":5,
         "orden":5
      }
   },
   {
      "model":"tipos_de_expedientes.tipo_de_expediente_detalle",
      "pk":82,
      "fields":{
         "tipo_de_expediente_id":11,
         "dependencia_id":13,
         "orden":6
      }
   },
   {
      "model":"tipos_de_expedientes.tipo_de_expediente_detalle",
      "pk":83,
      "fields":{
         "tipo_de_expediente_id":11,
         "dependencia_id":12,
         "orden":7
      }
   },
   {
      "model":"tipos_de_expedientes.tipo_de_expediente_detalle",
      "pk":84,
      "fields":{
         "tipo_de_expediente_id":12,
         "dependencia_id":8,
         "orden":1
      }
   },
   {
      "model":"tipos_de_expedientes.tipo_de_expediente_detalle",
      "pk":85,
      "fields":{
         "tipo_de_expediente_id":12,
         "dependencia_id":9,
         "orden":2
      }
   },
   {
      "model":"tipos_de_expedientes.tipo_de_expediente_detalle",
      "pk":86,
      "fields":{
         "tipo_de_expediente_id":12,
         "dependencia_id":6,
         "orden":3
      }
   },
   {
      "model":"tipos_de_expedientes.tipo_de_expediente_detalle",
      "pk":87,
      "fields":{
         "tipo_de_expediente_id":12,
         "dependencia_id":3,
         "orden":4
      }
   },
   {
      "model":"tipos_de_expedientes.tipo_de_expediente_detalle",
      "pk":88,
      "fields":{
         "tipo_de_expediente_id":12,
         "dependencia_id":5,
         "orden":5
      }
   },
   {
      "model":"tipos_de_expedientes.tipo_de_expediente_detalle",
      "pk":89,
      "fields":{
         "tipo_de_expediente_id":12,
         "dependencia_id":11,
         "orden":6
      }
   },
   {
      "model":"tipos_de_expedientes.tipo_de_expediente_detalle",
      "pk":90,
      "fields":{
         "tipo_de_expediente_id":12,
         "dependencia_id":12,
         "orden":7
      }
   },
   {
      "model":"tipos_de_expedientes.tipo_de_expediente_detalle",
      "pk":91,
      "fields":{
         "tipo_de_expediente_id":12,
         "dependencia_id":13,
         "orden":8
      }
   },
   {
      "model":"tipos_de_expedientes.tipo_de_expediente_detalle",
      "pk":92,
      "fields":{
         "tipo_de_expediente_id":12,
         "dependencia_id":12,
         "orden":9
      }
   },
   {
      "model":"tipos_de_expedientes.tipo_de_expediente_detalle",
      "pk":93,
      "fields":{
         "tipo_de_expediente_id":13,
         "dependencia_id":8,
         "orden":1
      }
   },
   {
      "model":"tipos_de_expedientes.tipo_de_expediente_detalle",
      "pk":94,
      "fields":{
         "tipo_de_expediente_id":13,
         "dependencia_id":9,
         "orden":2
      }
   },
   {
      "model":"tipos_de_expedientes.tipo_de_expediente_detalle",
      "pk":95,
      "fields":{
         "tipo_de_expediente_id":13,
         "dependencia_id":6,
         "orden":3
      }
   },
   {
      "model":"tipos_de_expedientes.tipo_de_expediente_detalle",
      "pk":96,
      "fields":{
         "tipo_de_expediente_id":13,
         "dependencia_id":3,
         "orden":4
      }
   },
   {
      "model":"tipos_de_expedientes.tipo_de_expediente_detalle",
      "pk":97,
      "fields":{
         "tipo_de_expediente_id":13,
         "dependencia_id":5,
         "orden":5
      }
   },
   {
      "model":"tipos_de_expedientes.tipo_de_expediente_detalle",
      "pk":98,
      "fields":{
         "tipo_de_expediente_id":13,
         "dependencia_id":11,
         "orden":6
      }
   },
   {
      "model":"tipos_de_expedientes.tipo_de_expediente_detalle",
      "pk":99,
      "fields":{
         "tipo_de_expediente_id":13,
         "dependencia_id":12,
         "orden":7
      }
   },
   {
      "model":"tipos_de_expedientes.tipo_de_expediente_detalle",
      "pk":100,
      "fields":{
         "tipo_de_expediente_id":13,
         "dependencia_id":13,
         "orden":8
      }
   },
   {
      "model":"tipos_de_expedientes.tipo_de_expediente_detalle",
      "pk":101,
      "fields":{
         "tipo_de_expediente_id":13,
         "dependencia_id":12,
         "orden":9
      }
   },
   {
      "model":"tipos_de_expedientes.tipo_de_expediente_detalle",
      "pk":102,
      "fields":{
         "tipo_de_expediente_id":14,
         "dependencia_id":8,
         "orden":1
      }
   },
   {
      "model":"tipos_de_expedientes.tipo_de_expediente_detalle",
      "pk":103,
      "fields":{
         "tipo_de_expediente_id":14,
         "dependencia_id":9,
         "orden":2
      }
   },
   {
      "model":"tipos_de_expedientes.tipo_de_expediente_detalle",
      "pk":104,
      "fields":{
         "tipo_de_expediente_id":14,
         "dependencia_id":6,
         "orden":3
      }
   },
   {
      "model":"tipos_de_expedientes.tipo_de_expediente_detalle",
      "pk":105,
      "fields":{
         "tipo_de_expediente_id":14,
         "dependencia_id":3,
         "orden":4
      }
   },
   {
      "model":"tipos_de_expedientes.tipo_de_expediente_detalle",
      "pk":106,
      "fields":{
         "tipo_de_expediente_id":14,
         "dependencia_id":5,
         "orden":5
      }
   },
   {
      "model":"tipos_de_expedientes.tipo_de_expediente_detalle",
      "pk":107,
      "fields":{
         "tipo_de_expediente_id":14,
         "dependencia_id":11,
         "orden":6
      }
   },
   {
      "model":"tipos_de_expedientes.tipo_de_expediente_detalle",
      "pk":108,
      "fields":{
         "tipo_de_expediente_id":14,
         "dependencia_id":12,
         "orden":7
      }
   },
   {
      "model":"tipos_de_expedientes.tipo_de_expediente_detalle",
      "pk":109,
      "fields":{
         "tipo_de_expediente_id":14,
         "dependencia_id":13,
         "orden":8
      }
   },
   {
      "model":"tipos_de_expedientes.tipo_de_expediente_detalle",
      "pk":110,
      "fields":{
         "tipo_de_expediente_id":14,
         "dependencia_id":12,
         "orden":9
      }
   },
   {
      "model":"tipos_de_expedientes.tipo_de_expediente_detalle",
      "pk":111,
      "fields":{
         "tipo_de_expediente_id":15,
         "dependencia_id":8,
         "orden":1
      }
   },
   {
      "model":"tipos_de_expedientes.tipo_de_expediente_detalle",
      "pk":112,
      "fields":{
         "tipo_de_expediente_id":15,
         "dependencia_id":9,
         "orden":2
      }
   },
   {
      "model":"tipos_de_expedientes.tipo_de_expediente_detalle",
      "pk":113,
      "fields":{
         "tipo_de_expediente_id":15,
         "dependencia_id":6,
         "orden":3
      }
   },
   {
      "model":"tipos_de_expedientes.tipo_de_expediente_detalle",
      "pk":114,
      "fields":{
         "tipo_de_expediente_id":15,
         "dependencia_id":3,
         "orden":4
      }
   },
   {
      "model":"tipos_de_expedientes.tipo_de_expediente_detalle",
      "pk":115,
      "fields":{
         "tipo_de_expediente_id":15,
         "dependencia_id":5,
         "orden":5
      }
   },
   {
      "model":"tipos_de_expedientes.tipo_de_expediente_detalle",
      "pk":116,
      "fields":{
         "tipo_de_expediente_id":15,
         "dependencia_id":12,
         "orden":6
      }
   },
   {
      "model":"tipos_de_expedientes.tipo_de_expediente_detalle",
      "pk":117,
      "fields":{
         "tipo_de_expediente_id":16,
         "dependencia_id":8,
         "orden":1
      }
   },
   {
      "model":"tipos_de_expedientes.tipo_de_expediente_detalle",
      "pk":118,
      "fields":{
         "tipo_de_expediente_id":16,
         "dependencia_id":9,
         "orden":2
      }
   },
   {
      "model":"tipos_de_expedientes.tipo_de_expediente_detalle",
      "pk":119,
      "fields":{
         "tipo_de_expediente_id":16,
         "dependencia_id":6,
         "orden":3
      }
   },
   {
      "model":"tipos_de_expedientes.tipo_de_expediente_detalle",
      "pk":120,
      "fields":{
         "tipo_de_expediente_id":16,
         "dependencia_id":3,
         "orden":4
      }
   },
   {
      "model":"tipos_de_expedientes.tipo_de_expediente_detalle",
      "pk":121,
      "fields":{
         "tipo_de_expediente_id":16,
         "dependencia_id":5,
         "orden":5
      }
   },
   {
      "model":"tipos_de_expedientes.tipo_de_expediente_detalle",
      "pk":122,
      "fields":{
         "tipo_de_expediente_id":16,
         "dependencia_id":13,
         "orden":7
      }
   },
   {
      "model":"tipos_de_expedientes.tipo_de_expediente_detalle",
      "pk":123,
      "fields":{
         "tipo_de_expediente_id":16,
         "dependencia_id":12,
         "orden":8
      }
   },
   {
      "model":"tipos_de_expedientes.tipo_de_expediente_detalle",
      "pk":124,
      "fields":{
         "tipo_de_expediente_id":17,
         "dependencia_id":8,
         "orden":1
      }
   },
   {
      "model":"tipos_de_expedientes.tipo_de_expediente_detalle",
      "pk":125,
      "fields":{
         "tipo_de_expediente_id":17,
         "dependencia_id":9,
         "orden":2
      }
   },
   {
      "model":"tipos_de_expedientes.tipo_de_expediente_detalle",
      "pk":126,
      "fields":{
         "tipo_de_expediente_id":17,
         "dependencia_id":6,
         "orden":3
      }
   },
   {
      "model":"tipos_de_expedientes.tipo_de_expediente_detalle",
      "pk":127,
      "fields":{
         "tipo_de_expediente_id":17,
         "dependencia_id":3,
         "orden":4
      }
   },
   {
      "model":"tipos_de_expedientes.tipo_de_expediente_detalle",
      "pk":128,
      "fields":{
         "tipo_de_expediente_id":17,
         "dependencia_id":5,
         "orden":5
      }
   },
   {
      "model":"tipos_de_expedientes.tipo_de_expediente_detalle",
      "pk":129,
      "fields":{
         "tipo_de_expediente_id":17,
         "dependencia_id":13,
         "orden":6
      }
   },
   {
      "model":"tipos_de_expedientes.tipo_de_expediente_detalle",
      "pk":130,
      "fields":{
         "tipo_de_expediente_id":17,
         "dependencia_id":12,
         "orden":7
      }
   },
   {
      "model":"tipos_de_expedientes.tipo_de_expediente_detalle",
      "pk":131,
      "fields":{
         "tipo_de_expediente_id":18,
         "dependencia_id":2,
         "orden":1
      }
   },
   {
      "model":"tipos_de_expedientes.tipo_de_expediente_detalle",
      "pk":132,
      "fields":{
         "tipo_de_expediente_id":18,
         "dependencia_id":10,
         "orden":2
      }
   },
   {
      "model":"tipos_de_expedientes.tipo_de_expediente_detalle",
      "pk":133,
      "fields":{
         "tipo_de_expediente_id":18,
         "dependencia_id":3,
         "orden":3
      }
   },
   {
      "model":"tipos_de_expedientes.tipo_de_expediente_detalle",
      "pk":134,
      "fields":{
         "tipo_de_expediente_id":18,
         "dependencia_id":5,
         "orden":4
      }
   },
   {
      "model":"tipos_de_expedientes.tipo_de_expediente_detalle",
      "pk":135,
      "fields":{
         "tipo_de_expediente_id":19,
         "dependencia_id":21,
         "orden":1
      }
   },
   {
      "model":"tipos_de_expedientes.tipo_de_expediente_detalle",
      "pk":136,
      "fields":{
         "tipo_de_expediente_id":19,
         "dependencia_id":9,
         "orden":2
      }
   },
   {
      "model":"tipos_de_expedientes.tipo_de_expediente_detalle",
      "pk":137,
      "fields":{
         "tipo_de_expediente_id":19,
         "dependencia_id":10,
         "orden":3
      }
   },
   {
      "model":"tipos_de_expedientes.tipo_de_expediente_detalle",
      "pk":138,
      "fields":{
         "tipo_de_expediente_id":19,
         "dependencia_id":11,
         "orden":5
      }
   },
   {
      "model":"tipos_de_expedientes.tipo_de_expediente_detalle",
      "pk":139,
      "fields":{
         "tipo_de_expediente_id":19,
         "dependencia_id":21,
         "orden":6
      }
   },
   {
      "model":"tipos_de_expedientes.tipo_de_expediente_detalle",
      "pk":140,
      "fields":{
         "tipo_de_expediente_id":20,
         "dependencia_id":21,
         "orden":1
      }
   },
   {
      "model":"tipos_de_expedientes.tipo_de_expediente_detalle",
      "pk":141,
      "fields":{
         "tipo_de_expediente_id":20,
         "dependencia_id":9,
         "orden":2
      }
   },
   {
      "model":"tipos_de_expedientes.tipo_de_expediente_detalle",
      "pk":142,
      "fields":{
         "tipo_de_expediente_id":20,
         "dependencia_id":11,
         "orden":4
      }
   },
   {
      "model":"tipos_de_expedientes.tipo_de_expediente_detalle",
      "pk":143,
      "fields":{
         "tipo_de_expediente_id":20,
         "dependencia_id":21,
         "orden":5
      }
   },
   {
      "model":"tipos_de_expedientes.tipo_de_expediente_detalle",
      "pk":144,
      "fields":{
         "tipo_de_expediente_id":20,
         "dependencia_id":23,
         "orden":6
      }
   },
   {
      "model":"tipos_de_expedientes.tipo_de_expediente_detalle",
      "pk":145,
      "fields":{
         "tipo_de_expediente_id":20,
         "dependencia_id":21,
         "orden":7
      }
   },
   {
      "model":"tipos_de_expedientes.tipo_de_expediente_detalle",
      "pk":146,
      "fields":{
         "tipo_de_expediente_id":20,
         "dependencia_id":9,
         "orden":8
      }
   },
   {
      "model":"tipos_de_expedientes.tipo_de_expediente_detalle",
      "pk":147,
      "fields":{
         "tipo_de_expediente_id":20,
         "dependencia_id":10,
         "orden":9
      }
   },
   {
      "model":"tipos_de_expedientes.tipo_de_expediente_detalle",
      "pk":148,
      "fields":{
         "tipo_de_expediente_id":20,
         "dependencia_id":21,
         "orden":10
      }
   },
   {
      "model":"tipos_de_expedientes.tipo_de_expediente_detalle",
      "pk":149,
      "fields":{
         "tipo_de_expediente_id":20,
         "dependencia_id":29,
         "orden":11
      }
   },
   {
      "model":"tipos_de_expedientes.tipo_de_expediente_detalle",
      "pk":150,
      "fields":{
         "tipo_de_expediente_id":20,
         "dependencia_id":21,
         "orden":12
      }
   },
   {
      "model":"tipos_de_expedientes.tipo_de_expediente_detalle",
      "pk":151,
      "fields":{
         "tipo_de_expediente_id":21,
         "dependencia_id":21,
         "orden":1
      }
   },
   {
      "model":"tipos_de_expedientes.tipo_de_expediente_detalle",
      "pk":152,
      "fields":{
         "tipo_de_expediente_id":21,
         "dependencia_id":9,
         "orden":2
      }
   },
   {
      "model":"tipos_de_expedientes.tipo_de_expediente_detalle",
      "pk":153,
      "fields":{
         "tipo_de_expediente_id":21,
         "dependencia_id":11,
         "orden":4
      }
   },
   {
      "model":"tipos_de_expedientes.tipo_de_expediente_detalle",
      "pk":154,
      "fields":{
         "tipo_de_expediente_id":21,
         "dependencia_id":21,
         "orden":5
      }
   },
   {
      "model":"tipos_de_expedientes.tipo_de_expediente_detalle",
      "pk":155,
      "fields":{
         "tipo_de_expediente_id":21,
         "dependencia_id":9,
         "orden":6
      }
   },
   {
      "model":"tipos_de_expedientes.tipo_de_expediente_detalle",
      "pk":156,
      "fields":{
         "tipo_de_expediente_id":21,
         "dependencia_id":10,
         "orden":7
      }
   },
   {
      "model":"tipos_de_expedientes.tipo_de_expediente_detalle",
      "pk":157,
      "fields":{
         "tipo_de_expediente_id":21,
         "dependencia_id":21,
         "orden":8
      }
   },
   {
      "model":"tipos_de_expedientes.tipo_de_expediente_detalle",
      "pk":158,
      "fields":{
         "tipo_de_expediente_id":21,
         "dependencia_id":23,
         "orden":9
      }
   },
   {
      "model":"tipos_de_expedientes.tipo_de_expediente_detalle",
      "pk":159,
      "fields":{
         "tipo_de_expediente_id":21,
         "dependencia_id":21,
         "orden":10
      }
   },
   {
      "model":"tipos_de_expedientes.tipo_de_expediente_detalle",
      "pk":160,
      "fields":{
         "tipo_de_expediente_id":21,
         "dependencia_id":9,
         "orden":11
      }
   },
   {
      "model":"tipos_de_expedientes.tipo_de_expediente_detalle",
      "pk":161,
      "fields":{
         "tipo_de_expediente_id":21,
         "dependencia_id":10,
         "orden":12
      }
   },
   {
      "model":"tipos_de_expedientes.tipo_de_expediente_detalle",
      "pk":162,
      "fields":{
         "tipo_de_expediente_id":21,
         "dependencia_id":21,
         "orden":13
      }
   },
   {
      "model":"tipos_de_expedientes.tipo_de_expediente_detalle",
      "pk":163,
      "fields":{
         "tipo_de_expediente_id":21,
         "dependencia_id":29,
         "orden":14
      }
   },
   {
      "model":"tipos_de_expedientes.tipo_de_expediente_detalle",
      "pk":164,
      "fields":{
         "tipo_de_expediente_id":21,
         "dependencia_id":21,
         "orden":15
      }
   },
   {
      "model":"tipos_de_expedientes.tipo_de_expediente_detalle",
      "pk":165,
      "fields":{
         "tipo_de_expediente_id":22,
         "dependencia_id":21,
         "orden":1
      }
   },
   {
      "model":"tipos_de_expedientes.tipo_de_expediente_detalle",
      "pk":166,
      "fields":{
         "tipo_de_expediente_id":22,
         "dependencia_id":9,
         "orden":2
      }
   },
   {
      "model":"tipos_de_expedientes.tipo_de_expediente_detalle",
      "pk":167,
      "fields":{
         "tipo_de_expediente_id":22,
         "dependencia_id":11,
         "orden":4
      }
   },
   {
      "model":"tipos_de_expedientes.tipo_de_expediente_detalle",
      "pk":168,
      "fields":{
         "tipo_de_expediente_id":22,
         "dependencia_id":21,
         "orden":5
      }
   },
   {
      "model":"tipos_de_expedientes.tipo_de_expediente_detalle",
      "pk":169,
      "fields":{
         "tipo_de_expediente_id":22,
         "dependencia_id":9,
         "orden":6
      }
   },
   {
      "model":"tipos_de_expedientes.tipo_de_expediente_detalle",
      "pk":170,
      "fields":{
         "tipo_de_expediente_id":22,
         "dependencia_id":10,
         "orden":7
      }
   },
   {
      "model":"tipos_de_expedientes.tipo_de_expediente_detalle",
      "pk":171,
      "fields":{
         "tipo_de_expediente_id":22,
         "dependencia_id":21,
         "orden":8
      }
   },
   {
      "model":"tipos_de_expedientes.tipo_de_expediente_detalle",
      "pk":172,
      "fields":{
         "tipo_de_expediente_id":22,
         "dependencia_id":27,
         "orden":9
      }
   },
   {
      "model":"tipos_de_expedientes.tipo_de_expediente_detalle",
      "pk":173,
      "fields":{
         "tipo_de_expediente_id":22,
         "dependencia_id":21,
         "orden":10
      }
   },
   {
      "model":"tipos_de_expedientes.tipo_de_expediente_detalle",
      "pk":174,
      "fields":{
         "tipo_de_expediente_id":22,
         "dependencia_id":23,
         "orden":11
      }
   },
   {
      "model":"tipos_de_expedientes.tipo_de_expediente_detalle",
      "pk":175,
      "fields":{
         "tipo_de_expediente_id":22,
         "dependencia_id":21,
         "orden":12
      }
   },
   {
      "model":"tipos_de_expedientes.tipo_de_expediente_detalle",
      "pk":176,
      "fields":{
         "tipo_de_expediente_id":22,
         "dependencia_id":9,
         "orden":13
      }
   },
   {
      "model":"tipos_de_expedientes.tipo_de_expediente_detalle",
      "pk":177,
      "fields":{
         "tipo_de_expediente_id":22,
         "dependencia_id":10,
         "orden":14
      }
   },
   {
      "model":"tipos_de_expedientes.tipo_de_expediente_detalle",
      "pk":178,
      "fields":{
         "tipo_de_expediente_id":22,
         "dependencia_id":21,
         "orden":15
      }
   },
   {
      "model":"tipos_de_expedientes.tipo_de_expediente_detalle",
      "pk":179,
      "fields":{
         "tipo_de_expediente_id":22,
         "dependencia_id":29,
         "orden":16
      }
   },
   {
      "model":"tipos_de_expedientes.tipo_de_expediente_detalle",
      "pk":180,
      "fields":{
         "tipo_de_expediente_id":22,
         "dependencia_id":21,
         "orden":17
      }
   },
   {
      "model":"tipos_de_expedientes.tipo_de_expediente_detalle",
      "pk":181,
      "fields":{
         "tipo_de_expediente_id":23,
         "dependencia_id":21,
         "orden":1
      }
   },
   {
      "model":"tipos_de_expedientes.tipo_de_expediente_detalle",
      "pk":182,
      "fields":{
         "tipo_de_expediente_id":23,
         "dependencia_id":9,
         "orden":2
      }
   },
   {
      "model":"tipos_de_expedientes.tipo_de_expediente_detalle",
      "pk":183,
      "fields":{
         "tipo_de_expediente_id":23,
         "dependencia_id":11,
         "orden":4
      }
   },
   {
      "model":"tipos_de_expedientes.tipo_de_expediente_detalle",
      "pk":184,
      "fields":{
         "tipo_de_expediente_id":23,
         "dependencia_id":21,
         "orden":5
      }
   },
   {
      "model":"tipos_de_expedientes.tipo_de_expediente_detalle",
      "pk":185,
      "fields":{
         "tipo_de_expediente_id":23,
         "dependencia_id":9,
         "orden":6
      }
   },
   {
      "model":"tipos_de_expedientes.tipo_de_expediente_detalle",
      "pk":186,
      "fields":{
         "tipo_de_expediente_id":23,
         "dependencia_id":10,
         "orden":7
      }
   },
   {
      "model":"tipos_de_expedientes.tipo_de_expediente_detalle",
      "pk":187,
      "fields":{
         "tipo_de_expediente_id":23,
         "dependencia_id":21,
         "orden":8
      }
   },
   {
      "model":"tipos_de_expedientes.tipo_de_expediente_detalle",
      "pk":188,
      "fields":{
         "tipo_de_expediente_id":23,
         "dependencia_id":23,
         "orden":9
      }
   },
   {
      "model":"tipos_de_expedientes.tipo_de_expediente_detalle",
      "pk":189,
      "fields":{
         "tipo_de_expediente_id":23,
         "dependencia_id":21,
         "orden":10
      }
   },
   {
      "model":"tipos_de_expedientes.tipo_de_expediente_detalle",
      "pk":190,
      "fields":{
         "tipo_de_expediente_id":23,
         "dependencia_id":9,
         "orden":11
      }
   },
   {
      "model":"tipos_de_expedientes.tipo_de_expediente_detalle",
      "pk":191,
      "fields":{
         "tipo_de_expediente_id":23,
         "dependencia_id":10,
         "orden":12
      }
   },
   {
      "model":"tipos_de_expedientes.tipo_de_expediente_detalle",
      "pk":192,
      "fields":{
         "tipo_de_expediente_id":23,
         "dependencia_id":21,
         "orden":13
      }
   },
   {
      "model":"tipos_de_expedientes.tipo_de_expediente_detalle",
      "pk":193,
      "fields":{
         "tipo_de_expediente_id":23,
         "dependencia_id":29,
         "orden":14
      }
   },
   {
      "model":"tipos_de_expedientes.tipo_de_expediente_detalle",
      "pk":194,
      "fields":{
         "tipo_de_expediente_id":23,
         "dependencia_id":21,
         "orden":15
      }
   },
   {
      "model":"tipos_de_expedientes.tipo_de_expediente_detalle",
      "pk":195,
      "fields":{
         "tipo_de_expediente_id":24,
         "dependencia_id":21,
         "orden":1
      }
   },
   {
      "model":"tipos_de_expedientes.tipo_de_expediente_detalle",
      "pk":196,
      "fields":{
         "tipo_de_expediente_id":24,
         "dependencia_id":9,
         "orden":2
      }
   },
   {
      "model":"tipos_de_expedientes.tipo_de_expediente_detalle",
      "pk":197,
      "fields":{
         "tipo_de_expediente_id":24,
         "dependencia_id":11,
         "orden":4
      }
   },
   {
      "model":"tipos_de_expedientes.tipo_de_expediente_detalle",
      "pk":198,
      "fields":{
         "tipo_de_expediente_id":24,
         "dependencia_id":21,
         "orden":5
      }
   },
   {
      "model":"tipos_de_expedientes.tipo_de_expediente_detalle",
      "pk":199,
      "fields":{
         "tipo_de_expediente_id":24,
         "dependencia_id":6,
         "orden":6
      }
   },
   {
      "model":"tipos_de_expedientes.tipo_de_expediente_detalle",
      "pk":200,
      "fields":{
         "tipo_de_expediente_id":24,
         "dependencia_id":21,
         "orden":7
      }
   },
   {
      "model":"tipos_de_expedientes.tipo_de_expediente_detalle",
      "pk":201,
      "fields":{
         "tipo_de_expediente_id":24,
         "dependencia_id":10,
         "orden":8
      }
   },
   {
      "model":"tipos_de_expedientes.tipo_de_expediente_detalle",
      "pk":202,
      "fields":{
         "tipo_de_expediente_id":24,
         "dependencia_id":21,
         "orden":9
      }
   },
   {
      "model":"tipos_de_expedientes.tipo_de_expediente_detalle",
      "pk":203,
      "fields":{
         "tipo_de_expediente_id":24,
         "dependencia_id":29,
         "orden":10
      }
   },
   {
      "model":"tipos_de_expedientes.tipo_de_expediente_detalle",
      "pk":204,
      "fields":{
         "tipo_de_expediente_id":24,
         "dependencia_id":21,
         "orden":11
      }
   },
   {
      "model":"tipos_de_expedientes.tipo_de_expediente_detalle",
      "pk":205,
      "fields":{
         "tipo_de_expediente_id":25,
         "dependencia_id":8,
         "orden":1
      }
   },
   {
      "model":"tipos_de_expedientes.tipo_de_expediente_detalle",
      "pk":206,
      "fields":{
         "tipo_de_expediente_id":25,
         "dependencia_id":9,
         "orden":2
      }
   },
   {
      "model":"tipos_de_expedientes.tipo_de_expediente_detalle",
      "pk":207,
      "fields":{
         "tipo_de_expediente_id":25,
         "dependencia_id":6,
         "orden":3
      }
   },
   {
      "model":"tipos_de_expedientes.tipo_de_expediente_detalle",
      "pk":208,
      "fields":{
         "tipo_de_expediente_id":25,
         "dependencia_id":3,
         "orden":4
      }
   },
   {
      "model":"tipos_de_expedientes.tipo_de_expediente_detalle",
      "pk":209,
      "fields":{
         "tipo_de_expediente_id":25,
         "dependencia_id":5,
         "orden":5
      }
   },
   {
      "model":"tipos_de_expedientes.tipo_de_expediente_detalle",
      "pk":210,
      "fields":{
         "tipo_de_expediente_id":25,
         "dependencia_id":11,
         "orden":6
      }
   },
   {
      "model":"tipos_de_expedientes.tipo_de_expediente_detalle",
      "pk":211,
      "fields":{
         "tipo_de_expediente_id":25,
         "dependencia_id":12,
         "orden":7
      }
   },
   {
      "model":"tipos_de_expedientes.tipo_de_expediente_detalle",
      "pk":212,
      "fields":{
         "tipo_de_expediente_id":25,
         "dependencia_id":13,
         "orden":8
      }
   },
   {
      "model":"tipos_de_expedientes.tipo_de_expediente_detalle",
      "pk":213,
      "fields":{
         "tipo_de_expediente_id":25,
         "dependencia_id":12,
         "orden":9
      }
   },
   {
      "model":"tipos_de_expedientes.tipo_de_expediente_detalle",
      "pk":214,
      "fields":{
         "tipo_de_expediente_id":26,
         "dependencia_id":21,
         "orden":1
      }
   },
   {
      "model":"tipos_de_expedientes.tipo_de_expediente_detalle",
      "pk":215,
      "fields":{
         "tipo_de_expediente_id":26,
         "dependencia_id":23,
         "orden":2
      }
   },
   {
      "model":"tipos_de_expedientes.tipo_de_expediente_detalle",
      "pk":216,
      "fields":{
         "tipo_de_expediente_id":26,
         "dependencia_id":21,
         "orden":3
      }
   },
   {
      "model":"tipos_de_expedientes.tipo_de_expediente_detalle",
      "pk":217,
      "fields":{
         "tipo_de_expediente_id":26,
         "dependencia_id":10,
         "orden":4
      }
   },
   {
      "model":"tipos_de_expedientes.tipo_de_expediente_detalle",
      "pk":218,
      "fields":{
         "tipo_de_expediente_id":26,
         "dependencia_id":21,
         "orden":5
      }
   },
   {
      "model":"tipos_de_expedientes.tipo_de_expediente_detalle",
      "pk":219,
      "fields":{
         "tipo_de_expediente_id":26,
         "dependencia_id":29,
         "orden":6
      }
   },
   {
      "model":"tipos_de_expedientes.tipo_de_expediente_detalle",
      "pk":220,
      "fields":{
         "tipo_de_expediente_id":26,
         "dependencia_id":21,
         "orden":7
      }
   },
   {
      "model":"tipos_de_expedientes.tipo_de_expediente_detalle",
      "pk":221,
      "fields":{
         "tipo_de_expediente_id":26,
         "dependencia_id":9,
         "orden":8
      }
   },
   {
      "model":"tipos_de_expedientes.tipo_de_expediente_detalle",
      "pk":222,
      "fields":{
         "tipo_de_expediente_id":26,
         "dependencia_id":11,
         "orden":10
      }
   },
   {
      "model":"tipos_de_expedientes.tipo_de_expediente_detalle",
      "pk":223,
      "fields":{
         "tipo_de_expediente_id":26,
         "dependencia_id":21,
         "orden":11
      }
   },
   {
      "model":"tipos_de_expedientes.tipo_de_expediente_detalle",
      "pk":224,
      "fields":{
         "tipo_de_expediente_id":27,
         "dependencia_id":21,
         "orden":1
      }
   },
   {
      "model":"tipos_de_expedientes.tipo_de_expediente_detalle",
      "pk":225,
      "fields":{
         "tipo_de_expediente_id":27,
         "dependencia_id":10,
         "orden":2
      }
   },
   {
      "model":"tipos_de_expedientes.tipo_de_expediente_detalle",
      "pk":226,
      "fields":{
         "tipo_de_expediente_id":27,
         "dependencia_id":21,
         "orden":3
      }
   },
   {
      "model":"tipos_de_expedientes.tipo_de_expediente_detalle",
      "pk":227,
      "fields":{
         "tipo_de_expediente_id":27,
         "dependencia_id":23,
         "orden":4
      }
   },
   {
      "model":"tipos_de_expedientes.tipo_de_expediente_detalle",
      "pk":228,
      "fields":{
         "tipo_de_expediente_id":27,
         "dependencia_id":21,
         "orden":5
      }
   },
   {
      "model":"tipos_de_expedientes.tipo_de_expediente_detalle",
      "pk":229,
      "fields":{
         "tipo_de_expediente_id":27,
         "dependencia_id":10,
         "orden":6
      }
   },
   {
      "model":"tipos_de_expedientes.tipo_de_expediente_detalle",
      "pk":230,
      "fields":{
         "tipo_de_expediente_id":27,
         "dependencia_id":21,
         "orden":7
      }
   },
   {
      "model":"tipos_de_expedientes.tipo_de_expediente_detalle",
      "pk":231,
      "fields":{
         "tipo_de_expediente_id":27,
         "dependencia_id":29,
         "orden":8
      }
   },
   {
      "model":"tipos_de_expedientes.tipo_de_expediente_detalle",
      "pk":232,
      "fields":{
         "tipo_de_expediente_id":27,
         "dependencia_id":21,
         "orden":9
      }
   },
   {
      "model":"tipos_de_expedientes.tipo_de_expediente_detalle",
      "pk":233,
      "fields":{
         "tipo_de_expediente_id":27,
         "dependencia_id":9,
         "orden":10
      }
   },
   {
      "model":"tipos_de_expedientes.tipo_de_expediente_detalle",
      "pk":234,
      "fields":{
         "tipo_de_expediente_id":27,
         "dependencia_id":11,
         "orden":12
      }
   },
   {
      "model":"tipos_de_expedientes.tipo_de_expediente_detalle",
      "pk":235,
      "fields":{
         "tipo_de_expediente_id":27,
         "dependencia_id":21,
         "orden":13
      }
   },
   {
      "model":"tipos_de_expedientes.tipo_de_expediente_detalle",
      "pk":236,
      "fields":{
         "tipo_de_expediente_id":28,
         "dependencia_id":21,
         "orden":1
      }
   },
   {
      "model":"tipos_de_expedientes.tipo_de_expediente_detalle",
      "pk":237,
      "fields":{
         "tipo_de_expediente_id":28,
         "dependencia_id":10,
         "orden":2
      }
   },
   {
      "model":"tipos_de_expedientes.tipo_de_expediente_detalle",
      "pk":238,
      "fields":{
         "tipo_de_expediente_id":28,
         "dependencia_id":21,
         "orden":3
      }
   },
   {
      "model":"tipos_de_expedientes.tipo_de_expediente_detalle",
      "pk":239,
      "fields":{
         "tipo_de_expediente_id":28,
         "dependencia_id":23,
         "orden":4
      }
   },
   {
      "model":"tipos_de_expedientes.tipo_de_expediente_detalle",
      "pk":240,
      "fields":{
         "tipo_de_expediente_id":28,
         "dependencia_id":21,
         "orden":5
      }
   },
   {
      "model":"tipos_de_expedientes.tipo_de_expediente_detalle",
      "pk":241,
      "fields":{
         "tipo_de_expediente_id":28,
         "dependencia_id":10,
         "orden":6
      }
   },
   {
      "model":"tipos_de_expedientes.tipo_de_expediente_detalle",
      "pk":242,
      "fields":{
         "tipo_de_expediente_id":28,
         "dependencia_id":21,
         "orden":7
      }
   },
   {
      "model":"tipos_de_expedientes.tipo_de_expediente_detalle",
      "pk":243,
      "fields":{
         "tipo_de_expediente_id":28,
         "dependencia_id":29,
         "orden":8
      }
   },
   {
      "model":"tipos_de_expedientes.tipo_de_expediente_detalle",
      "pk":244,
      "fields":{
         "tipo_de_expediente_id":28,
         "dependencia_id":21,
         "orden":9
      }
   },
   {
      "model":"tipos_de_expedientes.tipo_de_expediente_detalle",
      "pk":245,
      "fields":{
         "tipo_de_expediente_id":28,
         "dependencia_id":9,
         "orden":10
      }
   },
   {
      "model":"tipos_de_expedientes.tipo_de_expediente_detalle",
      "pk":246,
      "fields":{
         "tipo_de_expediente_id":28,
         "dependencia_id":11,
         "orden":12
      }
   },
   {
      "model":"tipos_de_expedientes.tipo_de_expediente_detalle",
      "pk":247,
      "fields":{
         "tipo_de_expediente_id":28,
         "dependencia_id":21,
         "orden":13
      }
   },
   {
      "model":"tipos_de_expedientes.tipo_de_expediente_detalle",
      "pk":248,
      "fields":{
         "tipo_de_expediente_id":6,
         "dependencia_id":5,
         "orden":3
      }
   },
   {
      "model":"tipos_de_expedientes.tipo_de_expediente_detalle",
      "pk":249,
      "fields":{
         "tipo_de_expediente_id":7,
         "dependencia_id":5,
         "orden":3
      }
   },
   {
      "model":"tipos_de_expedientes.tipo_de_expediente_detalle",
      "pk":250,
      "fields":{
         "tipo_de_expediente_id":19,
         "dependencia_id":5,
         "orden":4
      }
   },
   {
      "model":"tipos_de_expedientes.tipo_de_expediente_detalle",
      "pk":251,
      "fields":{
         "tipo_de_expediente_id":20,
         "dependencia_id":5,
         "orden":3
      }
   },
   {
      "model":"tipos_de_expedientes.tipo_de_expediente_detalle",
      "pk":252,
      "fields":{
         "tipo_de_expediente_id":21,
         "dependencia_id":5,
         "orden":3
      }
   },
   {
      "model":"tipos_de_expedientes.tipo_de_expediente_detalle",
      "pk":253,
      "fields":{
         "tipo_de_expediente_id":22,
         "dependencia_id":5,
         "orden":3
      }
   },
   {
      "model":"tipos_de_expedientes.tipo_de_expediente_detalle",
      "pk":254,
      "fields":{
         "tipo_de_expediente_id":23,
         "dependencia_id":5,
         "orden":3
      }
   },
   {
      "model":"tipos_de_expedientes.tipo_de_expediente_detalle",
      "pk":255,
      "fields":{
         "tipo_de_expediente_id":24,
         "dependencia_id":5,
         "orden":3
      }
   },
   {
      "model":"tipos_de_expedientes.tipo_de_expediente_detalle",
      "pk":256,
      "fields":{
         "tipo_de_expediente_id":26,
         "dependencia_id":5,
         "orden":9
      }
   },
   {
      "model":"tipos_de_expedientes.tipo_de_expediente_detalle",
      "pk":257,
      "fields":{
         "tipo_de_expediente_id":27,
         "dependencia_id":5,
         "orden":11
      }
   },
   {
      "model":"tipos_de_expedientes.tipo_de_expediente_detalle",
      "pk":258,
      "fields":{
         "tipo_de_expediente_id":28,
         "dependencia_id":5,
         "orden":11
      }
   },
   {
      "model":"tipos_de_expedientes.tipo_de_expediente_detalle",
      "pk":259,
      "fields":{
         "tipo_de_expediente_id":29,
         "dependencia_id":9,
         "orden":2
      }
   },
   {
      "model":"tipos_de_expedientes.tipo_de_expediente_detalle",
      "pk":260,
      "fields":{
         "tipo_de_expediente_id":29,
         "dependencia_id":31,
         "orden":3
      }
   },
   {
      "model":"tipos_de_expedientes.tipo_de_expediente_detalle",
      "pk":261,
      "fields":{
         "tipo_de_expediente_id":29,
         "dependencia_id":6,
         "orden":4
      }
   },
   {
      "model":"tipos_de_expedientes.tipo_de_expediente_detalle",
      "pk":262,
      "fields":{
         "tipo_de_expediente_id":29,
         "dependencia_id":3,
         "orden":5
      }
   },
   {
      "model":"tipos_de_expedientes.tipo_de_expediente_detalle",
      "pk":263,
      "fields":{
         "tipo_de_expediente_id":29,
         "dependencia_id":5,
         "orden":6
      }
   },
   {
      "model":"tipos_de_expedientes.tipo_de_expediente_detalle",
      "pk":264,
      "fields":{
         "tipo_de_expediente_id":29,
         "dependencia_id":12,
         "orden":7
      }
   },
   {
      "model":"tipos_de_expedientes.tipo_de_expediente_detalle",
      "pk":265,
      "fields":{
         "tipo_de_expediente_id":30,
         "dependencia_id":8,
         "orden":1
      }
   },
   {
      "model":"tipos_de_expedientes.tipo_de_expediente_detalle",
      "pk":266,
      "fields":{
         "tipo_de_expediente_id":30,
         "dependencia_id":9,
         "orden":2
      }
   },
   {
      "model":"tipos_de_expedientes.tipo_de_expediente_detalle",
      "pk":267,
      "fields":{
         "tipo_de_expediente_id":30,
         "dependencia_id":6,
         "orden":3
      }
   },
   {
      "model":"tipos_de_expedientes.tipo_de_expediente_detalle",
      "pk":268,
      "fields":{
         "tipo_de_expediente_id":30,
         "dependencia_id":3,
         "orden":4
      }
   },
   {
      "model":"tipos_de_expedientes.tipo_de_expediente_detalle",
      "pk":269,
      "fields":{
         "tipo_de_expediente_id":30,
         "dependencia_id":5,
         "orden":5
      }
   },
   {
      "model":"tipos_de_expedientes.tipo_de_expediente_detalle",
      "pk":270,
      "fields":{
         "tipo_de_expediente_id":30,
         "dependencia_id":12,
         "orden":6
      }
   },
   {
      "model":"tipos_de_expedientes.tipo_de_expediente_detalle",
      "pk":271,
      "fields":{
         "tipo_de_expediente_id":29,
         "dependencia_id":8,
         "orden":1
      }
   },
   {
      "model":"tipos_de_expedientes.tipo_de_expediente_detalle",
      "pk":272,
      "fields":{
         "tipo_de_expediente_id":31,
         "dependencia_id":8,
         "orden":1
      }
   },
   {
      "model":"tipos_de_expedientes.tipo_de_expediente_detalle",
      "pk":273,
      "fields":{
         "tipo_de_expediente_id":31,
         "dependencia_id":9,
         "orden":2
      }
   },
   {
      "model":"tipos_de_expedientes.tipo_de_expediente_detalle",
      "pk":274,
      "fields":{
         "tipo_de_expediente_id":31,
         "dependencia_id":3,
         "orden":3
      }
   },
   {
      "model":"tipos_de_expedientes.tipo_de_expediente_detalle",
      "pk":275,
      "fields":{
         "tipo_de_expediente_id":31,
         "dependencia_id":30,
         "orden":4
      }
   },
   {
      "model":"tipos_de_expedientes.tipo_de_expediente_detalle",
      "pk":276,
      "fields":{
         "tipo_de_expediente_id":32,
         "dependencia_id":8,
         "orden":1
      }
   },
   {
      "model":"tipos_de_expedientes.tipo_de_expediente_detalle",
      "pk":277,
      "fields":{
         "tipo_de_expediente_id":32,
         "dependencia_id":9,
         "orden":2
      }
   },
   {
      "model":"tipos_de_expedientes.tipo_de_expediente_detalle",
      "pk":278,
      "fields":{
         "tipo_de_expediente_id":32,
         "dependencia_id":6,
         "orden":3
      }
   },
   {
      "model":"tipos_de_expedientes.tipo_de_expediente_detalle",
      "pk":279,
      "fields":{
         "tipo_de_expediente_id":32,
         "dependencia_id":3,
         "orden":4
      }
   },
   {
      "model":"tipos_de_expedientes.tipo_de_expediente_detalle",
      "pk":280,
      "fields":{
         "tipo_de_expediente_id":32,
         "dependencia_id":5,
         "orden":5
      }
   },
   {
      "model":"tipos_de_expedientes.tipo_de_expediente_detalle",
      "pk":281,
      "fields":{
         "tipo_de_expediente_id":32,
         "dependencia_id":12,
         "orden":6
      }
   },
   {
      "model":"tipos_de_expedientes.tipo_de_expediente_detalle",
      "pk":282,
      "fields":{
         "tipo_de_expediente_id":16,
         "dependencia_id":7,
         "orden":6
      }
   },
   {
      "model":"tipos_de_expedientes.tipo_de_expediente_detalle",
      "pk":283,
      "fields":{
         "tipo_de_expediente_id":33,
         "dependencia_id":27,
         "orden":1
      }
   },
   {
      "model":"tipos_de_expedientes.tipo_de_expediente_detalle",
      "pk":284,
      "fields":{
         "tipo_de_expediente_id":33,
         "dependencia_id":9,
         "orden":4
      }
   },
   {
      "model":"tipos_de_expedientes.tipo_de_expediente_detalle",
      "pk":285,
      "fields":{
         "tipo_de_expediente_id":33,
         "dependencia_id":3,
         "orden":3
      }
   },
   {
      "model":"tipos_de_expedientes.tipo_de_expediente_detalle",
      "pk":286,
      "fields":{
         "tipo_de_expediente_id":33,
         "dependencia_id":4,
         "orden":2
      }
   },
   {
      "model":"tipos_de_expedientes.tipo_de_expediente_detalle",
      "pk":287,
      "fields":{
         "tipo_de_expediente_id":33,
         "dependencia_id":6,
         "orden":6
      }
   },
   {
      "model":"tipos_de_expedientes.tipo_de_expediente_detalle",
      "pk":288,
      "fields":{
         "tipo_de_expediente_id":33,
         "dependencia_id":46,
         "orden":7
      }
   },
   {
      "model":"tipos_de_expedientes.tipo_de_expediente_detalle",
      "pk":289,
      "fields":{
         "tipo_de_expediente_id":33,
         "dependencia_id":10,
         "orden":8
      }
   },
   {
      "model":"tipos_de_expedientes.tipo_de_expediente_detalle",
      "pk":290,
      "fields":{
         "tipo_de_expediente_id":33,
         "dependencia_id":21,
         "orden":9
      }
   },
   {
      "model":"tipos_de_expedientes.tipo_de_expediente_detalle",
      "pk":291,
      "fields":{
         "tipo_de_expediente_id":33,
         "dependencia_id":5,
         "orden":10
      }
   },
   {
      "model":"tipos_de_expedientes.tipo_de_expediente_detalle",
      "pk":292,
      "fields":{
         "tipo_de_expediente_id":33,
         "dependencia_id":11,
         "orden":11
      }
   },
   {
      "model":"tipos_de_expedientes.tipo_de_expediente_detalle",
      "pk":293,
      "fields":{
         "tipo_de_expediente_id":33,
         "dependencia_id":46,
         "orden":12
      }
   },
   {
      "model":"tipos_de_expedientes.tipo_de_expediente_detalle",
      "pk":294,
      "fields":{
         "tipo_de_expediente_id":33,
         "dependencia_id":21,
         "orden":13
      }
   },
   {
      "model":"tipos_de_expedientes.tipo_de_expediente_detalle",
      "pk":295,
      "fields":{
         "tipo_de_expediente_id":33,
         "dependencia_id":27,
         "orden":14
      }
   },
   {
      "model":"tipos_de_expedientes.tipo_de_expediente_detalle",
      "pk":296,
      "fields":{
         "tipo_de_expediente_id":33,
         "dependencia_id":2,
         "orden":5
      }
   },
   {
      "model":"tipos_de_expedientes.tipo_de_expediente_detalle",
      "pk":297,
      "fields":{
         "tipo_de_expediente_id":34,
         "dependencia_id":31,
         "orden":1
      }
   },
   {
      "model":"tipos_de_expedientes.tipo_de_expediente_detalle",
      "pk":298,
      "fields":{
         "tipo_de_expediente_id":34,
         "dependencia_id":8,
         "orden":2
      }
   },
   {
      "model":"tipos_de_expedientes.tipo_de_expediente_detalle",
      "pk":299,
      "fields":{
         "tipo_de_expediente_id":34,
         "dependencia_id":6,
         "orden":3
      }
   },
   {
      "model":"tipos_de_expedientes.tipo_de_expediente_detalle",
      "pk":300,
      "fields":{
         "tipo_de_expediente_id":34,
         "dependencia_id":3,
         "orden":4
      }
   },
   {
      "model":"tipos_de_expedientes.tipo_de_expediente_detalle",
      "pk":301,
      "fields":{
         "tipo_de_expediente_id":34,
         "dependencia_id":5,
         "orden":5
      }
   },
   {
      "model":"tipos_de_expedientes.tipo_de_expediente_detalle",
      "pk":302,
      "fields":{
         "tipo_de_expediente_id":34,
         "dependencia_id":12,
         "orden":6
      }
   },
   {
      "model":"tipos_de_expedientes.tipo_de_expediente_detalle",
      "pk":303,
      "fields":{
         "tipo_de_expediente_id":35,
         "dependencia_id":9,
         "orden":1
      }
   },
   {
      "model":"tipos_de_expedientes.tipo_de_expediente_detalle",
      "pk":304,
      "fields":{
         "tipo_de_expediente_id":35,
         "dependencia_id":5,
         "orden":2
      }
   },
   {
      "model":"tipos_de_expedientes.tipo_de_expediente_detalle",
      "pk":305,
      "fields":{
         "tipo_de_expediente_id":35,
         "dependencia_id":11,
         "orden":3
      }
   },
   {
      "model":"tipos_de_expedientes.tipo_de_expediente_detalle",
      "pk":306,
      "fields":{
         "tipo_de_expediente_id":35,
         "dependencia_id":22,
         "orden":4
      }
   },
   {
      "model":"tipos_de_expedientes.tipo_de_expediente_detalle",
      "pk":307,
      "fields":{
         "tipo_de_expediente_id":35,
         "dependencia_id":14,
         "orden":5
      }
   },
   {
      "model":"tipos_de_expedientes.tipo_de_expediente_detalle",
      "pk":308,
      "fields":{
         "tipo_de_expediente_id":35,
         "dependencia_id":29,
         "orden":6
      }
   },
   {
      "model":"tipos_de_expedientes.tipo_de_expediente_detalle",
      "pk":309,
      "fields":{
         "tipo_de_expediente_id":35,
         "dependencia_id":10,
         "orden":7
      }
   },
   {
      "model":"tipos_de_expedientes.tipo_de_expediente_detalle",
      "pk":310,
      "fields":{
         "tipo_de_expediente_id":35,
         "dependencia_id":29,
         "orden":8
      }
   },
   {
      "model":"tipos_de_expedientes.tipo_de_expediente_detalle",
      "pk":311,
      "fields":{
         "tipo_de_expediente_id":35,
         "dependencia_id":14,
         "orden":9
      }
   },
   {
      "model":"tipos_de_expedientes.tipo_de_expediente_detalle",
      "pk":312,
      "fields":{
         "tipo_de_expediente_id":36,
         "dependencia_id":14,
         "orden":1
      }
   },
   {
      "model":"tipos_de_expedientes.tipo_de_expediente_detalle",
      "pk":313,
      "fields":{
         "tipo_de_expediente_id":36,
         "dependencia_id":9,
         "orden":2
      }
   },
   {
      "model":"tipos_de_expedientes.tipo_de_expediente_detalle",
      "pk":314,
      "fields":{
         "tipo_de_expediente_id":36,
         "dependencia_id":5,
         "orden":3
      }
   },
   {
      "model":"tipos_de_expedientes.tipo_de_expediente_detalle",
      "pk":315,
      "fields":{
         "tipo_de_expediente_id":36,
         "dependencia_id":11,
         "orden":4
      }
   },
   {
      "model":"tipos_de_expedientes.tipo_de_expediente_detalle",
      "pk":316,
      "fields":{
         "tipo_de_expediente_id":36,
         "dependencia_id":22,
         "orden":5
      }
   },
   {
      "model":"tipos_de_expedientes.tipo_de_expediente_detalle",
      "pk":317,
      "fields":{
         "tipo_de_expediente_id":36,
         "dependencia_id":14,
         "orden":6
      }
   },
   {
      "model":"tipos_de_expedientes.tipo_de_expediente_detalle",
      "pk":318,
      "fields":{
         "tipo_de_expediente_id":36,
         "dependencia_id":22,
         "orden":7
      }
   },
   {
      "model":"tipos_de_expedientes.tipo_de_expediente_detalle",
      "pk":319,
      "fields":{
         "tipo_de_expediente_id":36,
         "dependencia_id":10,
         "orden":8
      }
   },
   {
      "model":"tipos_de_expedientes.tipo_de_expediente_detalle",
      "pk":320,
      "fields":{
         "tipo_de_expediente_id":36,
         "dependencia_id":22,
         "orden":9
      }
   },
   {
      "model":"tipos_de_expedientes.tipo_de_expediente_detalle",
      "pk":321,
      "fields":{
         "tipo_de_expediente_id":36,
         "dependencia_id":14,
         "orden":10
      }
   },
   {
      "model":"auth.user",
      "pk":1,
      "fields":{
         "password":"pbkdf2_sha256$180000$8tNXevT00AnP$td/Hq+ljYJYtqZtR2EZlBo0F2IqfUaNR94DfH5FJIeA=",
         "last_login":"2020-06-11T14:45:41.161Z",
         "is_superuser":true,
         "username":"admin",
         "first_name":"",
         "last_name":"",
         "email":"informatica@uni.edu.py",
         "is_staff":true,
         "is_active":true,
         "date_joined":"2020-06-10T16:00:33.729Z",
         "groups":[

         ],
         "user_permissions":[

         ]
      }
   }
]